{
        "type": "crafting_shaped",
        "pattern": [
                "#  ",
                "#**",
                "ox#"
        ],
        "key": {
                "*": {
                        "item": "minecraft:chorus_flower"
                },
				"#": {
                        "item": "minecraft:coal_block"
                },
				"o": {
                        "item": "minecraft:wither_skeleton_skull"
                },
				"x": {
                        "item": "minecraft:dragon_egg"
                }
				
        },
        "result": {
                "item": "minecraft:dragon_head",
                "count":1
        }
}