{
        "type": "crafting_shaped",
        "pattern": [
                "###",
                "#*#",
                "OOO"
        ],
        "key": {
                "*": {
                        "item": "minecraft:ender_chest"
                },
                "#": {
                        "item": "minecraft:popped_chorus_fruit"
                },
				"O": {
                        "item": "minecraft:chorus_flower"
                }
				
        },
        "result": {
                "item": "minecraft:shulker_shell",
                "count":8
        }
}