{
        "type": "crafting_shaped",
        "pattern": [
                "###",
                "v*v",
                "oxo"
        ],
        "key": {
                "*": {
                        "item": "minecraft:heart_of_the_sea"
                },
				"x": {
                        "item": "minecraft:nautilus_shell"
                },
				"o": {
                        "item": "minecraft:sea_lantern"
                },
				"v": {
                        "item": "minecraft:blue_ice"
                },
                "#": {
                        "item": "minecraft:iron_sword"
                }
        },
        "result": {
                "item": "minecraft:trident",
                "count":1
        }
}